id,first_name,last_name,gender,latitude,longitude,country
1,Philbert,Gladdish,Male,29.893672,110.346166,China
2,Gerry,Ewert,Female,39.803681,112.073298,China
3,Lyndsay,Reeken,Female,-12.034087,-38.7577605,Brazil
4,Kanya,Blackler,Female,14.34399,45.72623,Yemen
5,Shaine,Bourdice,Male,18.2899888,-77.9530942,Jamaica
6,Julie,Snowsill,Female,36.2013157,117.6712891,China
7,Woodrow,Kumaar,Male,52.2163528,61.2809373,Kazakhstan
8,Mic,Inde,Male,-16.7918481,47.6479775,Madagascar
9,Ambrosi,Pickhaver,Male,40.7163491,19.7502384,Albania
10,Jerrine,Cantor,Female,47.6126,107.0219496,Mongolia
11,Jess,O'Hingerty,Male,12.5683747,99.9576888,Thailand
12,Kipp,Rape,Male,11.3008218,124.6904308,Philippines
13,Aurelie,De Malchar,Female,43.1283145,5.9294606,France
14,Everett,Ells,Male,37.070834,114.504677,China
15,Wain,Luard,Male,-7.7888522,114.1914951,Indonesia
16,Langsdon,Mora,Male,30.679359,104.011664,China
17,Tracee,MacKowle,Female,-5.2915408,-39.4035876,Brazil
18,Rodd,Steggals,Male,37.9429347,47.538392,Iran
19,Prentice,Bartolommeo,Male,43.6051078,73.7631135,Kazakhstan
20,Marlo,Mongain,Female,-19.9930478,-43.8485566,Brazil
21,Jesse,Gumly,Male,31.491169,120.31191,China
22,Colas,Skipworth,Male,2.18873,98.61185,Indonesia
23,Kennan,Gourley,Male,-8.2,114.5,Indonesia
24,Dimitry,McNiven,Male,13.4876832,99.9381257,Thailand
25,Jake,Blakemore,Male,13.88263,121.555099,Philippines
26,Josefa,Yakovl,Female,40.78276,43.80583,Armenia
27,Marysa,Devas,Female,40.5141742,23.8254879,Greece
28,Melesa,Dryden,Female,51.0069155,90.2135806,Russia
29,Trixie,Blind,Female,43.0429124,1.9038837,France
30,Mortie,McGraffin,Male,54.0471273,19.2012887,Poland
31,Jarrod,Wenden,Male,11.5291917,8.6573084,Nigeria
32,Letti,Kennady,Female,51.4798767,19.5308953,Poland
33,Mathias,Letterick,Male,44.4959884,19.2677519,Serbia
34,Georg,Hartropp,Male,1.003696,-77.7565925,Colombia
35,Amye,Duetschens,Female,55.8930684,37.585677,Russia
36,Arliene,Larkings,Female,57.0384344,54.0037032,Russia
37,Bail,Volet,Male,52.9029991,158.4280558,Russia
38,Jenny,Lindsay,Female,-4.8824092,29.6615055,Tanzania
39,Briano,Scarr,Male,47.9527415,21.6927245,Hungary
40,Haze,Mc Cahey,Male,19.4520843,103.1855702,Laos
41,Della,Boobier,Female,-19.157438,-45.4447859,Brazil
42,Herc,Klement,Male,5.6397155,5.890794,Nigeria
43,Ursuline,Humberston,Female,10.4477737,38.2031762,Ethiopia
44,Leupold,Sutherington,Male,-11.3801768,-40.0068953,Brazil
45,Gun,Florentine,Male,5.9840985,116.0761121,Malaysia
46,Curtis,Schoffel,Male,8.9679001,-71.2740573,Venezuela
47,Benedikt,Charlwood,Male,-11.4691392,-76.6232202,Peru
48,Kiley,Reader,Female,40.8195312,22.4188383,Greece
49,Cullen,Antao,Male,61.609528,90.129524,Russia
50,Siffre,Righy,Male,16.8211238,100.2658516,Thailand
